<?xml version="1.0" encoding="UTF-8"?><application xsi="http://www.w3.org/1999/XMLSchema-instance">
 <item type="Constants">
 </item>
 <item type="EV_TITLED_WINDOW">
  <Internal_properties>
   <id>1</id>
   <name>player_window</name>
   <Expanded>1</Expanded>
   <Is_root_window>True</Is_root_window>
  </Internal_properties>
  <EV_COLORIZABLE>
  </EV_COLORIZABLE>
  <EV_SENSITIVE>
  </EV_SENSITIVE>
  <EV_WIDGET>
   <Minimum_width>500</Minimum_width>
  </EV_WIDGET>
  <EV_WINDOW>
   <Title>Display window</Title>
  </EV_WINDOW>
  <EV_PIXMAPABLE>
  </EV_PIXMAPABLE>
  <EV_CONTAINER>
  </EV_CONTAINER>
  <item type="EV_VERTICAL_BOX">
   <Internal_properties>
    <id>7</id>
    <Expanded>1</Expanded>
   </Internal_properties>
   <EV_COLORIZABLE>
   </EV_COLORIZABLE>
   <EV_SENSITIVE>
   </EV_SENSITIVE>
   <EV_WIDGET>
   </EV_WIDGET>
   <EV_BOX>
    <Is_item_expanded>00</Is_item_expanded>
   </EV_BOX>
   <EV_PIXMAPABLE>
   </EV_PIXMAPABLE>
   <EV_CONTAINER>
   </EV_CONTAINER>
   <item type="EV_LABEL">
    <Internal_properties>
     <id>2</id>
     <name>sound_name_label</name>
     <Expanded>0</Expanded>
    </Internal_properties>
    <EV_COLORIZABLE>
    </EV_COLORIZABLE>
    <EV_FONTABLE>
    </EV_FONTABLE>
    <EV_SENSITIVE>
    </EV_SENSITIVE>
    <EV_TEXTABLE>
    </EV_TEXTABLE>
    <EV_TOOLTIPABLE>
    </EV_TOOLTIPABLE>
    <EV_WIDGET>
    </EV_WIDGET>
    <EV_TEXT_ALIGNABLE>
    </EV_TEXT_ALIGNABLE>
   </item>
   <item type="EV_HORIZONTAL_BOX">
    <Internal_properties>
     <id>6</id>
     <Expanded>1</Expanded>
    </Internal_properties>
    <EV_COLORIZABLE>
    </EV_COLORIZABLE>
    <EV_SENSITIVE>
    </EV_SENSITIVE>
    <EV_WIDGET>
    </EV_WIDGET>
    <EV_BOX>
     <Is_item_expanded>010</Is_item_expanded>
    </EV_BOX>
    <EV_PIXMAPABLE>
    </EV_PIXMAPABLE>
    <EV_CONTAINER>
    </EV_CONTAINER>
    <item type="EV_BUTTON">
     <Internal_properties>
      <id>3</id>
      <name>open_button</name>
      <Expanded>0</Expanded>
     </Internal_properties>
     <EV_COLORIZABLE>
     </EV_COLORIZABLE>
     <EV_FONTABLE>
     </EV_FONTABLE>
     <EV_SENSITIVE>
     </EV_SENSITIVE>
     <EV_TEXTABLE>
      <Text>Open</Text>
     </EV_TEXTABLE>
     <EV_TOOLTIPABLE>
     </EV_TOOLTIPABLE>
     <EV_WIDGET>
     </EV_WIDGET>
     <EV_TEXT_ALIGNABLE>
     </EV_TEXT_ALIGNABLE>
     <EV_PIXMAPABLE>
     </EV_PIXMAPABLE>
     <Events>
      <Event>select_actions EV_BUTTON_ACTION_SEQUENCES open_button_select_actions</Event>
     </Events>
    </item>
    <item type="EV_HORIZONTAL_RANGE">
     <Internal_properties>
      <id>4</id>
      <name>time_position_range</name>
      <Expanded>0</Expanded>
     </Internal_properties>
     <EV_COLORIZABLE>
     </EV_COLORIZABLE>
     <EV_SENSITIVE>
     </EV_SENSITIVE>
     <EV_TOOLTIPABLE>
     </EV_TOOLTIPABLE>
     <EV_WIDGET>
      <Minimum_width>200</Minimum_width>
     </EV_WIDGET>
     <EV_GAUGE>
      <Value>1</Value>
     </EV_GAUGE>
     <Events>
      <Event>pointer_button_press_actions EV_WIDGET_ACTION_SEQUENCES time_position_range_button_press_actions</Event>
      <Event>pointer_button_release_actions EV_WIDGET_ACTION_SEQUENCES time_position_range_button_release_actions</Event>
     </Events>
    </item>
    <item type="EV_LABEL">
     <Internal_properties>
      <id>5</id>
      <name>time_label</name>
      <Expanded>0</Expanded>
     </Internal_properties>
     <EV_COLORIZABLE>
     </EV_COLORIZABLE>
     <EV_FONTABLE>
     </EV_FONTABLE>
     <EV_SENSITIVE>
     </EV_SENSITIVE>
     <EV_TEXTABLE>
     </EV_TEXTABLE>
     <EV_TOOLTIPABLE>
     </EV_TOOLTIPABLE>
     <EV_WIDGET>
      <Minimum_width>90</Minimum_width>
     </EV_WIDGET>
     <EV_TEXT_ALIGNABLE>
     </EV_TEXT_ALIGNABLE>
    </item>
   </item>
  </item>
 </item>
</application>